Приоритет,Сайт?,Город,Тип,Название,Юр. лицо,WhatsApp,Мобильный,Ссылка wa.me,Все телефоны,Сайт,Telegram,Адрес,Рейтинг,Отзывов,Возраст(лет),Рубрики
A,🟢 нет,Краснодар,подрядчик,Комфорт сервис,,+79952262199,+79952262199,https://wa.me/79952262199,+7‒995‒226‒21‒99,,https://t.me/+79952262199,,4.9,279,8,"Кровельные работы, Остекление и отделка балконов, Ремонт помещений, Фасадные работы, Ремонт зданий"
A,🟢 нет,Краснодар,подрядчик,Мир кровли,,+79184429434,+79184429434,https://wa.me/79184429434,+7‒918‒442‒94‒34 / +7‒995‒228‒18‒81,,https://t.me/+79184429434,"Северная улица, 44",5,20,6,"Кровельные работы, Кровельные материалы, Фасадные материалы и конструкции, Заборы и ограждения"
A,🟢 нет,Краснодар,подрядчик,Дом под ключ,,+79180702263,+79180702263,https://wa.me/79180702263,+7‒918‒070‒22‒63,,https://t.me/+79180702263,"Красная улица, 155/2",4.9,9,6,"Кровельные работы, Фасадные работы, Строительство дач и коттеджей"
A,🟢 нет,Краснодар,подрядчик,Ван,ООО Ван,+79180999091,+79180999091,https://wa.me/79180999091,+7‒918‒099‒90‒91 / +7‒967‒667‒74‒72,,https://t.me/+79180999091,"Кружевная улица, 3",5,7,11,"Кровельные работы, Аренда спецтехники"
A,🟢 нет,Краснодар,подрядчик,Вентгазнадзор,ООО Вентгазнадзор,+79528773239,+79528773239,https://wa.me/79528773239,+7‒952‒877‒32‒39,,,"Сормовская улица, 10е",3.7,3,6,"Кровельные работы, Прочистка дымоходов, Обслуживание климатического оборудования для помещений"
A,🟢 нет,Краснодар,подрядчик,Первый дом,,+79182121617,+79182121617,https://wa.me/79182121617,+7‒918‒212‒16‒17,,https://t.me/+79182121617,,5,1,7,"Кровельные работы, Ремонт помещений, Строительство дач и коттеджей, Строительство фундамента, Электромонтажные работы"
A,🟢 нет,Краснодар,подрядчик,Кровля для вас,,+79604743388,+79604743388,https://wa.me/79604743388,+7‒960‒474‒33‒88 / +7‒960‒474‒81‒18,,,"Ягодная улица, 34",1,1,12,"Кровельные работы, Кровельные материалы, Фасадные материалы и конструкции, Сэндвич-панели, Теплоизоляционные материалы"
A,🟢 нет,Краснодар,подрядчик,Монтажная компания,,+79531181340,+79531181340,https://wa.me/79531181340,+7‒953‒118‒13‒40 / +7‒918‒273‒92‒79,,https://t.me/+79182739279,,,0,7,Кровельные работы
A,🟢 нет,Краснодар,подрядчик,Ремонт по карману,,+79885222323,+79885222323,https://wa.me/79885222323,+7‒988‒522‒23‒23,,,,,0,17,"Кровельные работы, Ремонт помещений"
A,🟢 нет,Краснодар,подрядчик,Кс,ООО Кс,+79002450555,+79002450555,https://wa.me/79002450555,+7‒900‒245‒05‒55,,https://t.me/+79002450555,"улица Бабушкина, 223",,0,,"Кровельные работы, Ремонт помещений"
A,🟢 нет,Краснодар,подрядчик,Автономия,,+79284153444,+79284153444,https://wa.me/79284153444,+7‒928‒415‒34‒44,,,"Северная улица, 443",,0,,Кровельные работы
A,🟢 нет,пгт Яблоновский,подрядчик,Жестяной цех,,+79034495732,+79034495732,https://wa.me/79034495732,+7‒903‒449‒57‒32,,https://t.me/+79034495732,"Красная улица, 61",,0,1,"Кровельные работы, Металлоизделия, Кровельные материалы"
A,🟢 нет,Краснодар,подрядчик,Юнисила-Юг,ООО Юнисила-Юг,+79898078818,+79898078818,https://wa.me/79898078818,+7‒989‒807‒88‒18,,,"Уральская улица, 75/1 к1",,0,,"Кровельные работы, Промышленное строительство, Строительство спортивных сооружений"
A,🟢 нет,Краснодар,подрядчик,Кровмонтажстрой,ООО Кровмонтажстрой,+79298320555,+79298320555,https://wa.me/79298320555,+7‒929‒832‒05‒55,,https://t.me/+79298320555,"Новороссийская улица, 226в",,0,,"Кровельные работы, Полимерная порошковая окраска"
A,🟢 нет,Краснодар,подрядчик,Строительно пожарная компания,ООО Строительно пожарная компания,+79180857658,+79180857658,https://wa.me/79180857658,+7‒918‒085‒76‒58,,https://t.me/+79180857658,"Сормовская улица, 7 лит Ц",,0,13,"Кровельные работы, Монтаж охранно-пожарных систем, Строительство дач и коттеджей, Ремонт помещений, Наружное отопление, водоснабжение, канализация"
A,🟢 нет,Краснодар,подрядчик,КаспийСтрой-Юг,,+79885596464,+79885596464,https://wa.me/79885596464,+7‒988‒559‒64‒64,,https://t.me/+79885596464,"Российская улица, 267 к4",,0,7,"Кровельные работы, Строительство дач и коттеджей, Строительство бань и саун, Фасадные работы, Быстровозводимые здания"
A,🟢 нет,ст-ца Новотитаровская,подрядчик,Крепстрой,,+79965322817,+79965322817,https://wa.me/79965322817,+7‒996‒532‒28‒17 / +7‒996‒075‒75‒75,,,"Стекольная улица, 1а",,0,,"Кровельные работы, Натяжные потолки, Ремонт помещений, Строительство дач и коттеджей"
A,🟢 нет,Краснодар,подрядчик,Фараон,,,+79696603030,https://wa.me/79696603030,+7‒969‒660‒30‒30,,https://t.me/+79696603030,"Пригородная улица, 177",5,3,0,"Кровельные работы, Строительство дач и коттеджей, Ремонт помещений, Строительство бань и саун, Фасадные работы"
A,🟢 нет,Краснодар,подрядчик,СК Белый ключ,ООО СК Белый ключ,,+79186850609,https://wa.me/79186850609,+7‒918‒685‒06‒09,,,"улица Будённого, 118",4,2,,"Кровельные работы, Ремонт помещений, Строительство дач и коттеджей, Электромонтажные работы, Сварочные работы"
A,🟢 нет,Краснодар,подрядчик,СтройДом,,,+79054043088,https://wa.me/79054043088,+7‒905‒404‒30‒88,,,"улица Красных Партизан, 1/4",5,1,12,"Кровельные работы, Строительство дач и коттеджей, Заборы и ограждения, Ландшафтный дизайн"
A,🟢 нет,Краснодар,подрядчик,Строительная компания,,,+79282038053,https://wa.me/79282038053,+7‒928‒203‒80‒53,,,"улица Серова, 44",,0,,"Кровельные работы, Строительство дач и коттеджей, Строительство фундамента, Ремонт помещений"
A,🟢 нет,Краснодар,подрядчик,КровМонтаж,,,+79136297117,https://wa.me/79136297117,+7‒913‒629‒71‒17,,,,,0,0,Кровельные работы
A,🟢 нет,Краснодар,подрядчик,Компания по кровельным работам,,,+79183312345,https://wa.me/79183312345,+7‒918‒331‒23‒45,,,,,0,0,Кровельные работы
A,🟢 нет,Краснодар,подрядчик,Фирма по услугам кровельных работ,,,+79183839805,https://wa.me/79183839805,+7‒918‒383‒98‒05,,,,,0,0,Кровельные работы
A,🟢 нет,Краснодар,подрядчик,Кровельная компания,,,+79094605113,https://wa.me/79094605113,+7‒909‒460‒51‒13,,,,,0,,Кровельные работы
A,🟢 нет,Краснодар,подрядчик,Компания кровельных работ,,,+79034094281,https://wa.me/79034094281,+7‒903‒409‒42‒81,,,,,0,0,Кровельные работы
A,🟢 нет,Краснодар,подрядчик,Фирма по ремонту кровли,,,+79184942546,https://wa.me/79184942546,+7‒918‒494‒25‒46,,,"улица Толбухина, 74/3",,0,,Кровельные работы
A,🟢 нет,Краснодар,подрядчик,Компания по кровельным работам,,,+79307835680,https://wa.me/79307835680,+7‒930‒783‒56‒80,,,"улица им. В.Н. Мачуги, 166а к1",,0,0,Кровельные работы
A,🟢 нет,Краснодар,подрядчик,Выездная строительно-отделочная компания,,,+79282311953,https://wa.me/79282311953,+7‒928‒231‒19‒53,,,,,0,6,"Кровельные работы, Фасадные работы, Ремонт помещений"
A,🟢 нет,ст-ца Динская,подрядчик,СтройКровля,,,,,,,,"улица Ульянова, 21",5,2,,"Кровельные работы, Окна, Кровельные материалы, Комплектующие для окон"
A,🟢 нет,Краснодар,подрядчик,Аргалаус,ООО Аргалаус,,,,+7 (861) 233‒55‒64,,,"улица Стасова, 2/2",,0,,"Кровельные работы, Ремонт зданий"
A,🟢 нет,Краснодар,подрядчик,Полимерпромкраска,,,,,,,,"Черкасская улица, 49",,0,,"Кровельные работы, Гидроизоляционные работы, Гидроизоляционные материалы, Обучение рабочим профессиям"
B,есть,ст-ца Елизаветинская,подрядчик,Строй-Комфорт,,+79384261313,+79094709007,https://wa.me/79384261313,+7 (861) 292‒30‒07 / +7‒909‒470‒90‒07,ск23.рф,https://t.me/+79384261313,"Центральная улица, 2/1",5,24,,"Кровельные работы, Строительство дач и коттеджей, Быстровозводимые здания, Строительство бань и саун, Ремонт помещений"
B,есть,Краснодар,подрядчик,Domont,,+79883882220,+79883882220,https://wa.me/79883882220,+7‒988‒388‒22‒20,domontru.ru,https://t.me/dom_777_s,,4.7,19,1,"Кровельные работы, Ремонт помещений, Строительство дач и коттеджей, Фасадные работы, Дизайн интерьеров"
B,есть,Краснодар,подрядчик,Кровельный цех,,+79676624699,+79676624699,https://wa.me/79676624699,+7‒967‒662‒46‒99,master-krovla.ru,,,5,19,10,"Кровельные работы, Кровельные материалы, Заборы и ограждения, Фасадные материалы и конструкции"
B,есть,Краснодар,подрядчик,Мастилит,,+79628513538,+79628513538,https://wa.me/79628513538,+7‒962‒851‒35‒38 / +7‒918‒139‒34‒94,mastilit.ru,https://t.me/+79628513538,"Просторная улица, 11",5,17,,"Кровельные работы, Кровельные материалы"
B,есть,Краснодар,подрядчик,СтройСит,,+79892201420,+79892201420,https://wa.me/79892201420,+7‒989‒220‒14‒20,stroysit.ru,,"улица Красных Партизан, 212",5,14,4,"Кровельные работы, Строительство дач и коттеджей, Строительство фундамента, Фасадные работы"
B,есть,Краснодар,подрядчик,DomThermos,,+79283326452,+79283326452,https://wa.me/79283326452,+7‒928‒332‒64‒52,domthermos.ru,,"улица Генерала Шифрина, 1",4.9,11,11,"Кровельные работы, Быстровозводимые здания, Стеновые панели, Строительство дач и коттеджей, Строительство бань и саун"
B,есть,Краснодар,подрядчик,МирСтрой,,+79933208200,+79002605483,https://wa.me/79933208200,+7‒900‒260‒54‒83,mirstroyrus.ru,https://t.me/+79933208200,"улица Красных Партизан, 200",5,8,,"Кровельные работы, Строительство дач и коттеджей, Архитектурное проектирование"
B,есть,Краснодар,подрядчик,Кубанькровля,,+79528631434,+79186322803,https://wa.me/79528631434,+7‒918‒632‒28‒03 / +7‒952‒863‒14‒34,кубанькровля.рф,https://t.me/+79528631434,"Московская улица, 124",5,3,,"Кровельные работы, Высотные работы"
B,есть,Краснодар,подрядчик,Краснодарская монтажная компания,ООО Краснодарская монтажная компания,+79180095377,+79180095377,https://wa.me/79180095377,+7‒918‒009‒53‒77 / 8‒800‒201‒99‒23,кмк23.рф,https://t.me/+79180095377,"Суздальская улица, 1",5,2,2,Кровельные работы
B,есть,Краснодар,подрядчик,Лучший город,,+79323212579,+79323212579,https://wa.me/79323212579,+7‒932‒321‒25‒79,psklg-dom.ru,https://t.me/+79323212579,,5,1,,"Кровельные работы, Строительство административных зданий, Строительство дач и коттеджей, Строительство фундамента, Строительство бань и саун"
B,есть,Краснодар,подрядчик,Компания по кровельным работам,,+79528378003,+79528378003,https://wa.me/79528378003,+7‒952‒837‒80‒03 / +7‒900‒294‒24‒34,kit-rk.ru,https://t.me/+79528378003,,5,1,10,"Кровельные работы, Ремонт помещений"
B,есть,Краснодар,подрядчик,Я.МиС,,+79649290666,+79892800909,https://wa.me/79649290666,+7‒989‒280‒09‒09,ямис23.рф,https://t.me/LanaRa666,"улица Лузана, 8",,0,,"Кровельные работы, Мебель на заказ, Ремонт помещений, Электромонтажные работы, Наружное отопление, водоснабжение, канализация, Охранные системы, Монтаж охранно-пожарных систем, Строительство дач и коттеджей"
B,есть,Краснодар,подрядчик,ВИП-Защита,,+79183669547,+79183669547,https://wa.me/79183669547,+7‒918‒366‒95‒47 / +7‒918‒272‒95‒56,vip-zaschita.ru,,,,0,12,"Кровельные работы, Теплоизоляционные работы, Тонирование стёкол зданий, Фасадные работы, Тонирование автостёкол"
B,есть,Краснодар,подрядчик,Компания по строительству деревянных домов,,+79186264455,+79186264455,https://wa.me/79186264455,+7‒918‒626‒44‒55,woodhome23.ru,,,,0,11,"Кровельные работы, Строительство дач и коттеджей, Строительство бань и саун, Ремонт помещений, Фасадные работы"
B,есть,Краснодар,подрядчик,Выездная компания,,+79788551968,+79788551968,https://wa.me/79788551968,+7‒978‒855‒19‒68,solidroof.ru,,,,0,11,Кровельные работы
B,есть,Краснодар,подрядчик,Уютный дом,,+79286614097,+79286614097,https://wa.me/79286614097,+7‒928‒661‒40‒97,уютные-окна.рф,,,,0,,"Кровельные работы, Ремонт помещений, Строительство дач и коттеджей, Фасадные работы, Ремонт зданий"
B,есть,Краснодар,подрядчик,Продом,,+79284644133,+79284644133,https://wa.me/79284644133,+7‒928‒464‒41‒33 / +7‒929‒933‒03‒33,rskprodom.ru,https://t.me/+79284644133,"9 Мая улица, 1",,0,2,"Кровельные работы, Строительство дач и коттеджей, Товары для отопления, водоснабжения, канализации, Строительство бань и саун, Фасадные работы"
B,есть,Краснодар,подрядчик,Дом фасадов,,+79384301900,+79384301900,https://wa.me/79384301900,+7‒938‒430‒19‒00,dom-fasadov.ru,,,,0,3,"Кровельные работы, Фасадные работы, Заборы и ограждения, Кровельные материалы, Фасадные материалы и конструкции"
B,есть,Краснодар,подрядчик,Кровмонтажстрой,ООО Кровмонтажстрой,+79189384535,+79189384535,https://wa.me/79189384535,+7‒918‒938‒45‒35,kms123.ru,https://t.me/+79189384535,"улица Красных Партизан, 217",,0,,Кровельные работы
B,есть,Краснодар,подрядчик,Кристалл-трейд,,+79126625255,+79126304545,https://wa.me/79126625255,+7‒912‒630‒45‒45 / +7‒912‒662‒52‒55,roofdefect.ru,https://t.me/+79126625255,,,0,1,"Кровельные работы, Гидроизоляционные работы, Строительное оборудование"
B,есть,Краснодар,подрядчик,Строительные системы,,+79892919777,+79892919777,https://wa.me/79892919777,+7‒989‒291‒97‒77,stroit-systems.ru,,"Тополиная улица, 27/1",,0,,"Кровельные работы, Теплоизоляционные материалы, Кровельные материалы"
B,есть,Краснодар,подрядчик,Правильный Выбор,,+79384001999,+79384001999,https://wa.me/79384001999,+7‒938‒400‒19‒99,www.pravvybor23.ru,,"Онежская улица, 1",,0,1,"Кровельные работы, Строительство дач и коттеджей, Строительство фундамента, Геодезические работы, Геологические работы"
B,есть,Краснодар,подрядчик,Альянс Про,ООО Альянс Про,+79034117047,+79034117047,https://wa.me/79034117047,+7 (861) 944‒70‒47 / +7‒903‒411‒70‒47,aprosib.ru,,"Заполярная улица, 35 к3",,0,8,"Кровельные работы, Фасадные работы, Высотные работы, Внутренние системы отопления, водоснабжения, канализации, Ремонт зданий"
B,есть,пос. Южный,подрядчик,Монолит стандарт,,+79892315284,+79892315284,https://wa.me/79892315284,+7‒989‒231‒52‒84,стройуслуги23.рф,,,,0,6,"Кровельные работы, Строительство фундамента, Строительство дач и коттеджей, Строительство административных зданий, Устройство промышленных и наливных полов"
B,есть,Краснодар,подрядчик,Константа,,+79034127545,,https://wa.me/79034127545,+7 (861) 945‒75‒45,krasnodar.rkkb.ru,https://t.me/+79034127545,"Офицерская улица, 21",5,6,2,"Кровельные работы, Кровельные материалы, Системы водоотведения, Окна, Чердачные лестницы"
B,есть,Краснодар,подрядчик,Альпатекс,,,+79233537553,https://wa.me/79233537553,+7‒923‒353‒75‒53,krasnodar.alpateks.ru,,,4.6,11,5,"Кровельные работы, Высотные работы, Фасадные работы, Изготовление рекламных конструкций, Клининг"
B,есть,Краснодар,подрядчик,Горизонты,,,+79298454508,https://wa.me/79298454508,+7‒929‒845‒45‒08,xn--c1aicvcclu5f.xn--p1ai/,,"улица Кирова, 265",5,1,5,"Кровельные работы, Кровельные материалы, Гидроизоляционные работы, Теплоизоляционные работы"
B,есть,Краснодар,подрядчик,Атм кровля,,,+79951970121,https://wa.me/79951970121,+7‒995‒197‒01‒21,атмкровля.рф,,"Московская улица, 118 к3",,0,3,Кровельные работы
B,есть,Краснодар,подрядчик,3-С,ООО Современные строительные системы,,,,+7 (861) 235‒61‒30 / 8‒800‒500‒70‒24,3s-russia.ru,,"Кубанская набережная, 37",1,1,15,"Кровельные работы, Фасадные работы, Металлоконструкции для строительства, Устройство промышленных и наливных полов, Промышленные трубы"
B,есть,Краснодар,подрядчик,Аракс,ООО Аракс,,,,+7 (861) 253‒73‒66 / +7 (861) 203‒20‒37 / 8‒800‒234‒55‒67,araks.ru,,"улица Красных Партизан, 567Б",,0,35,"Кровельные работы, Фасадные материалы и конструкции, Фасадные работы, Теплоизоляционные материалы, Кровельные материалы"
C,есть,Краснодар,подрядчик,СК-ЮГ,ООО СК-ЮГ,+79180015594,+79180015594,https://wa.me/79180015594,+7‒918‒001‒55‒94 / +7 (861) 292‒70‒30,sk-ug23.ru,,"улица им. Евдокии Бершанской, 72",5,158,,Кровельные работы
C,есть,Краснодар,подрядчик,Метриястрой,,+79180778282,+79180778282,https://wa.me/79180778282,+7‒918‒077‒82‒82,метриястрой.рф,https://t.me/+79180778282,"Кожевенная улица, 36",5,46,,"Кровельные работы, Строительство фундамента, Строительство дач и коттеджей"
C,есть,Краснодар,подрядчик,СтройСитиГруп,,+79951821079,+79951821079,https://wa.me/79951821079,+7‒995‒182‒10‒79,remont-scg23.ru/remont-kvartir,,"улица им. 40-летия Победы, 140",4.6,38,9,"Кровельные работы, Заборы и ограждения, Ремонт помещений, Строительство дач и коттеджей"
C,есть,Краснодар,подрядчик,Кровельные системы,,,,,+7 (861) 217‒75‒77 / +7 (861) 217‒76‒77,zabory23.com,https://t.me/krovsystem269,"Российская улица, 269/10а",4.6,35,12,"Кровельные работы, Заборы и ограждения, Кровельные материалы, Строительство дач и коттеджей, Фасадные материалы и конструкции"
A,🟢 нет,аул Козет,торговля?,Лесобаза N1,,+79055262221,+79668889966,https://wa.me/79055262221,+7‒966‒888‒99‒66 / +7‒905‒526‒22‒21,,https://t.me/+79668889966,"Черноморская улица, 1",5,1,3,"Кровельные работы, Кровельные материалы, Пило- и лесоматериалы, Фасадные материалы и конструкции, Строительство фундамента"
A,🟢 нет,Краснодар,торговля?,Тайфун Краснодар,ООО Тайфун Краснодар,+79528247982,+79676610000,https://wa.me/79528247982,+7‒967‒661‒00‒00 / +7‒988‒888‒21‒81 / +7‒918‒686‒64‒86 / +7‒952‒824‒79‒82 / +7‒918‒029‒09‒24,,https://t.me/+79528247982,"Уральская улица, 104л",5,1,,"Кровельные работы, Кровельные материалы, Сухие строительные смеси"
A,🟢 нет,ст-ца Динская,торговля?,Кровля плюс,,+79189781838,+79189781838,https://wa.me/79189781838,+7‒918‒978‒18‒38,,,"Советская улица, 11Б",,0,,"Кровельные работы, Кровельные материалы"
A,🟢 нет,ст-ца Динская,торговля?,Мир кровли,ООО Мир кровли,,+79604951262,https://wa.me/79604951262,+7‒960‒495‒12‒62,,,"Красная улица, 117",1.7,6,12,"Кровельные работы, Кровельные материалы, Окна, Заборы и ограждения, Металлоизделия"
A,🟢 нет,Краснодар,торговля?,Термедэкс,ООО Термедэкс,,+79180285011,https://wa.me/79180285011,+7‒918‒028‒50‒11 / +7‒918‒027‒22‒86,,,"улица Дзержинского, 110/а к1",,0,2,"Кровельные работы, Внутренние системы отопления, водоснабжения, канализации, Металлоконструкции для строительства, Ландшафтный дизайн, Ремонт помещений"
B,есть,Краснодар,торговля?,Сибирские фасады,,+79282837278,+79054725172,https://wa.me/79282837278,+7‒905‒472‒51‒72 / +7‒928‒283‒72‒78 / +7‒938‒432‒11‒03,sibir-fasad.ru,,"Российская улица, 251",5,3,,"Кровельные работы, Фасадные работы, Фасадные материалы и конструкции, Кровельные материалы, Резиновые покрытия"
B,есть,Краснодар,торговля?,Стройкомплект,,+79094586888,+79094586888,https://wa.me/79094586888,+7‒909‒458‒68‒88 / 8‒800‒707‒51‒21 / +7 (861) 205‒17‒14,strd.ru,https://t.me/+79094586888,"улица им. Скобелева М.Д., 1",5,3,13,"Кровельные работы, Стройматериалы, Кровельные материалы, Строительные блоки, Заборы и ограждения, Теплоизоляционные материалы, Фасадные материалы и конструкции"
B,есть,Краснодар,торговля?,Металл Нк,,+79183153338,+79180792620,https://wa.me/79183153338,+7‒918‒079‒26‒20 / +7‒952‒822‒61‒61,profnastil-krd.ru,,"Беговая улица, 52",5,2,9,"Кровельные работы, Стройматериалы, Кровельные материалы, Фасадные материалы и конструкции, Заборы и ограждения, Крепёж, Сэндвич-панели, Стеновые панели, Вторичные стройматериалы, Металлоконструкции для строительства, Строительство дач и коттеджей, Теплоизоляционные материалы, Строительные блоки"
B,есть,Краснодар,торговля?,Торгово-монтажная фирма,,+79288843355,+79288843355,https://wa.me/79288843355,+7‒928‒884‒33‒55,krovelnaya-masterskaya.pulscen.ru,,,,0,,"Кровельные работы, Кровельные материалы, Фасадные материалы и конструкции, Фасадные работы, Крепёж"
B,есть,Краснодар,торговля?,Торговый дом кровли,,+79186999771,+79184604000,https://wa.me/79186999771,+7‒918‒460‒40‒00 / +7‒918‒699‒97‒71,krovlyakrasnodar.ru,,"Пригородная улица, 119",,0,1,"Кровельные работы, Кровельные материалы, Крепёж, Системы водоотведения, Фасадные материалы и конструкции"
B,есть,Краснодар,торговля?,Огнебиозащита,,+79039556599,,https://wa.me/79039556599,+7 (861) 944‒65‒99,ognebiozashhita.ru,https://t.me/ognebiozashhita,"2-я Российская улица, 162/1",5,1,2,"Кровельные работы, Стройматериалы, Отделочные материалы, Огнезащитные материалы, Лаки и краски, Кровельные материалы, Теплоизоляционные материалы, Огнезащитная обработка, Деревообработка, Металлообработка, Строительство дач и коттеджей, Строительство бань и саун, Товары для бань и саун, Пожарная безопасность, Фасадные работы, Огнеупорные материалы, Герметики и клеи, Звукоизоляционные материалы, Пило- и лесоматериалы"
C,есть,Краснодар,торговля?,Карат-Плюс,ООО Карат-Плюс,+79189555277,+79189555277,https://wa.me/79189555277,+7 (861) 279‒07‒79 / +7‒918‒955‒52‒77,karat-p.ru,https://t.me/+79189555277,"Новороссийская улица, 232 лит Е",5,56,,"Кровельные работы, Кровельные материалы, Кирпич, Тротуарная плитка, Фасадные материалы и конструкции"
C,есть,Краснодар,торговля?,Крышовица,ООО Крышовица,+79184623338,+79184623338,https://wa.me/79184623338,+7‒918‒462‒33‒38 / +7‒962‒861‒44‒79,krysha-krasnodar.ru,https://t.me/+79184623338,"Пограничная улица, 1",5,56,,"Кровельные работы, Стройматериалы, Кровельные материалы, Чёрный металлопрокат, Теплоизоляционные материалы, Окна, Системы водоотведения, Заборы и ограждения, Вторичные стройматериалы, Фасадные материалы и конструкции, Гидроизоляционные материалы, Звукоизоляционные материалы, Сэндвич-панели, ДСП, ДВП, фанера, Оргстекло и поликарбонат, Крепёж, Герметики и клеи"
C,есть,Краснодар,торговля?,Аира,,+79183933233,+79183933233,https://wa.me/79183933233,+7 (861) 258‒40‒48 / +7‒918‒393‒32‒33,aira23.ru,https://t.me/+79183933233,"3-я Трудовая улица, 108",4.9,53,15,"Кровельные работы, Кровельные материалы, Заборы и ограждения, Теплоизоляционные материалы, Фасадные материалы и конструкции"
C,есть,Краснодар,торговля?,Domus,,+79180154111,+79034121555,https://wa.me/79180154111,+7‒903‒412‒15‒55 / +7‒918‒015‒41‒11,sochi.m-300.ru,https://t.me/company_domus,"Российская улица, 315/1",5,48,7,"Кровельные работы, Стройматериалы, Кровельные материалы, Заборы и ограждения, Фасадные материалы и конструкции, Металлоконструкции для строительства, Сварочные работы, Металлоизделия, Фасадные работы, Автоматические ворота и шлагбаумы"
A,🟢 нет,Анапа,подрядчик,Юг,,+79180744407,+79180744407,https://wa.me/79180744407,+7‒918‒074‒44‒07,,,"улица Чехова, 64",5,6,2,"Кровельные работы, Ремонт помещений, Строительство дач и коттеджей, Фасадные работы"
A,🟢 нет,Новороссийск,подрядчик,Фасадный лидер,,+79183402658,+79183402658,https://wa.me/79183402658,+7‒918‒340‒26‒58,,https://t.me/donikitin,"улица Ленина, 150",5,3,,"Кровельные работы, Фасадные работы, Теплоизоляционные работы"
A,🟢 нет,ст-ца Раевская,подрядчик,Строй М,,+79181570944,+79181570944,https://wa.me/79181570944,+7‒918‒157‒09‒44 / +7‒988‒350‒66‒00,,https://t.me/+79883506600,"Степная улица, 1/2",5,2,,"Кровельные работы, Стройматериалы, Пило- и лесоматериалы, Чёрный металлопрокат, Сухие строительные смеси, Теплоизоляционные материалы, Товары для отопления, водоснабжения, канализации, Электроустановочная продукция, Крепёж, Изделия из стеклопластика, Герметики и клеи, ДСП, ДВП, фанера, Кирпич, Лаки и краски, Звукоизоляционные материалы, Котельное оборудование, Материалы для дорожного строительства, Насосное оборудование, Песок и щебень, Сантехника, Строительные блоки, Цемент, Фасадные материалы и конструкции, Кровельные материалы, Заборы и ограждения, Гидроизоляционные материалы, Асбестотехническая продукция, Малярный инструмент, Фасадные работы, Входные двери, Светотехника, Погонажные изделия, Металлоизделия, Системы водоотведения, Кабель и провод, Отделочные материалы, Декоративные отделочные материалы, Замки и скобяные изделия, Огнезащитные материалы, Слесарно-монтажный инструмент, Быстровозводимые здания, Напольные покрытия, Строительство дач и коттеджей, Гипсокартон, Бетон и раствор"
A,🟢 нет,Геленджик,подрядчик,Рем-Стройка,,+79284153261,+79604810808,https://wa.me/79284153261,+7‒960‒481‒08‒08 / +7‒928‒415‒32‒61,,,"Геленджикский проспект, 6",5,1,,"Кровельные работы, Ремонт зданий, Строительство дач и коттеджей, Ремонт помещений, Фасадные работы"
A,🟢 нет,Геленджик,подрядчик,Загородный дом,,+79384732984,+79994184999,https://wa.me/79384732984,+7‒999‒418‒49‒99,,https://t.me/stroy_house_yug,"улица Толстого, 21а",5,1,5,"Кровельные работы, Ремонт помещений, Строительство дач и коттеджей, Ремонт зданий, Фасадные работы"
A,🟢 нет,Новороссийск,подрядчик,Твоя крепость,,+79530721757,+79530721757,https://wa.me/79530721757,+7‒953‒072‒17‒57,,https://t.me/+79530721757,"улица Горького, 7в",1,1,,"Кровельные работы, Строительство бань и саун, Строительство дач и коттеджей, Фасадные работы"
A,🟢 нет,Адыгейск,подрядчик,Фирма по кровельным работам,,+79183636363,+79183636363,https://wa.me/79183636363,+7‒918‒363‒63‒63,,,"улица Чайковского, 8Б/1",,0,0,"Кровельные работы, Кровельные материалы"
A,🟢 нет,пгт Ильский,подрядчик,Сеана-строй,,+79183733381,+79183733381,https://wa.me/79183733381,+7‒918‒373‒33‒81,,,"Центральная улица, 40",,0,,"Кровельные работы, Ремонт помещений, Строительство дач и коттеджей, Снос зданий"
A,🟢 нет,Усть-Лабинск,подрядчик,Строй-Провинция,ООО Строй-Провинция,+79184378197,+79184378197,https://wa.me/79184378197,+7‒918‒437‒81‒97 / +7‒918‒484‒51‒19,,,"Заполотняная улица, 3/Б",,0,34,"Кровельные работы, Строительство дач и коттеджей, Кровельные материалы"
A,🟢 нет,Новороссийск,подрядчик,Юг комфорт строй,,+79184684614,+79184684614,https://wa.me/79184684614,+7‒918‒468‒46‒14,,,"Мысхакское шоссе, 50/10",,0,11,"Кровельные работы, Ремонт помещений, Дизайн интерьеров, Строительство дач и коттеджей, Строительство бань и саун"
A,🟢 нет,Геленджик,подрядчик,ГелСтройРемонт,,+79286633050,+79286633050,https://wa.me/79286633050,+7‒928‒663‒30‒50,,https://t.me/+79286633050,"Новороссийская улица, 161",,0,,"Кровельные работы, Строительство дач и коттеджей, Строительство бассейнов и аквапарков, Фасадные работы, Строительство административных зданий"
A,🟢 нет,Геленджик,подрядчик,Юг Строй Кровля,,+79384832393,+79384832393,https://wa.me/79384832393,+7‒938‒483‒23‒93 / +7‒929‒849‒03‒46 / +7‒929‒831‒68‒31,,,"улица Тельмана, 137",,0,,"Кровельные работы, Кровельные материалы, Гидроизоляционные материалы, Оргстекло и поликарбонат, Теплоизоляционные материалы"
A,🟢 нет,Геленджик,подрядчик,Стройка и точкА,,+79385267194,+79385267194,https://wa.me/79385267194,+7‒938‒526‒71‒94,,,"улица Островского, 67а",,0,7,"Кровельные работы, Ремонт помещений, Строительство дач и коттеджей, Строительство дорог, Ремонт зданий"
A,🟢 нет,Новороссийск,подрядчик,Кровельный центр-2000,ООО Кровельный центр-2000,+79282750452,+79282750452,https://wa.me/79282750452,+7‒928‒275‒04‒52,,,"улица Леднёва, 5а",,0,,"Кровельные работы, Кровельные материалы, Интерьерные лестницы, Окна, Гидроизоляционные материалы"
A,🟢 нет,Новороссийск,подрядчик,ПромАльпФасад,,+79186245322,+79528557849,https://wa.me/79186245322,+7‒952‒855‒78‒49 / +7‒918‒624‒53‒22,,,,,0,,"Кровельные работы, Фасадные работы, Высотные работы"
A,🟢 нет,Новороссийск,подрядчик,Строительно-монтажная компания,,+79183680829,+79183680829,https://wa.me/79183680829,+7‒918‒368‒08‒29,,,,,0,,"Кровельные работы, Ремонт помещений, Фасадные работы"
A,🟢 нет,Новороссийск,подрядчик,Компания по ремонту и устройству мягкой кровли,,+79184529620,+79298247500,https://wa.me/79184529620,+7‒929‒824‒75‒00 / +7‒918‒452‒96‒20,,,"Выборная улица, 7",,0,,Кровельные работы
A,🟢 нет,Новороссийск,подрядчик,Монтажная компания,,+79996383607,+79887698002,https://wa.me/79996383607,+7‒988‒769‒80‒02,,,"улица Луначарского, 10а",,0,,"Кровельные работы, Кровельные материалы, Витражи и мозаика"
A,🟢 нет,с. Супсех,подрядчик,Артель Ладага,,+79184673853,+79184703509,https://wa.me/79184673853,+7‒918‒470‒35‒09,,https://t.me/+79184703509,"улица Вячеслава Карпова, 3а",,0,,"Кровельные работы, Ремонт помещений, Строительство дач и коттеджей, Строительство бань и саун, Внутренние системы отопления, водоснабжения, канализации"
A,🟢 нет,Анапа,подрядчик,Альп Юг,,+79663477756,+79663477756,https://wa.me/79663477756,+7‒966‒347‒77‒56,,,"Краснозелёных, 29/4",,0,,"Кровельные работы, Клининг, Высотные работы, Фасадные работы, Монтаж климатических систем"
A,🟢 нет,Анапа,подрядчик,Дом фасадов,,+79184745828,+79184745828,https://wa.me/79184745828,+7‒918‒474‒58‒28,,https://t.me/garrinord,,,0,3,"Кровельные работы, Фасадные работы, Строительство дач и коттеджей, Строительство фундамента, Электромонтажные работы"
A,🟢 нет,Геленджик,подрядчик,Пенетрон,,,+79288426343,https://wa.me/79288426343,+7‒928‒842‒63‒43 / +7‒938‒874‒74‒44,,,"Новороссийская улица, 163/1",5,2,9,"Кровельные работы, Гидроизоляционные работы, Строительство фундамента, Строительство бассейнов и аквапарков, Гидроизоляционные материалы"
A,🟢 нет,с. Супсех,подрядчик,Промышленный альпинист Перевертин Сергей Сергеевич,,,+79094444947,https://wa.me/79094444947,+7‒909‒444‒49‒47,,https://t.me/+79094444947,"улица Чапаева, 36",5,2,,"Кровельные работы, Высотные работы, Фасадные работы, Клининг, Прочистка дымоходов"
A,🟢 нет,с. Первореченское,подрядчик,Р-титан,,,+79888885233,https://wa.me/79888885233,+7‒988‒888‒52‒33,,,"Светлая улица, 25",,0,,"Кровельные работы, Строительство дач и коттеджей, Ремонт помещений, Фасадные работы, Укладка напольных покрытий"
A,🟢 нет,Крымск,подрядчик,Строительная компания,,,+79286646700,https://wa.me/79286646700,+7‒928‒664‒67‒00,,,"Лебединая улица, 50а",,0,,"Кровельные работы, Электромонтажные работы, Строительство дач и коттеджей, Строительство фундамента"
A,🟢 нет,Новороссийск,подрядчик,Центр кровельных работ,,,+79181822299,https://wa.me/79181822299,+7‒918‒182‒22‒99,,,"улица Ленина, 7",,0,,Кровельные работы
A,🟢 нет,Новороссийск,подрядчик,Строительно-монтажная компания,,,+79181650194,https://wa.me/79181650194,+7‒918‒165‒01‒94,,,"Верхнешоссейная улица, 15; Поперечная улица, 34",,0,0,"Кровельные работы, Ремонт помещений, Монтаж климатических систем, Внутренние системы отопления, водоснабжения, канализации"
A,🟢 нет,Темрюк,подрядчик,Корпорация СпецСнаб,ООО Корпорация СпецСнаб,,+79092127111,https://wa.me/79092127111,+7‒909‒212‒71‒11,,,"Октябрьская улица, 108а",,0,,"Кровельные работы, Металлоконструкции для строительства"
A,🟢 нет,Темрюк,подрядчик,Дом кровли,,,+79184917080,https://wa.me/79184917080,+7‒918‒491‒70‒80,,,"улица Мороза, 36",,0,3,Кровельные работы
A,🟢 нет,Славянск-на-Кубани,подрядчик,Многопрофильная компания,,,,,,,,"улица Ковтюха, 120",,0,4,Кровельные работы
A,🟢 нет,Новороссийск,подрядчик,Кровельные горизонты,ООО Кровельные горизонты,,,,,,,"Пальмовая улица, 6",,0,,Кровельные работы
B,есть,Адыгейск,подрядчик,Стройтранссервис,,+79265095375,+79265095375,https://wa.me/79265095375,+7 (861) 204‒51‒24 / +7‒926‒509‒53‒75,stsgeo.ru,https://t.me/+79265095375,,4.9,20,7,"Кровельные работы, Гидроизоляционные материалы, Материалы для дорожного строительства"
B,есть,Новороссийск,подрядчик,Альянсград,,+79385452111,+79385452111,https://wa.me/79385452111,+7‒938‒545‒21‒11,alliancegrad.ru,https://t.me/alliance_nvr,"проспект Дзержинского, 211 к3",5,10,13,"Кровельные работы, Строительство дач и коттеджей, Архитектурное проектирование, Фасадные работы"
B,есть,пос. Пригородный,подрядчик,Югстройберег,,+79181868952,+79181868952,https://wa.me/79181868952,+7‒918‒186‒89‒52,yugstroibereg.turbo.site,,"Дружная улица, 51",5,5,6,"Кровельные работы, Окна, Строительство дач и коттеджей, Ремонт помещений, Фасадные работы"
B,есть,Геленджик,подрядчик,Стройком,,+79288847098,+79288847098,https://wa.me/79288847098,+7‒928‒884‒70‒98,www.стройком-дом.рф,,"Геленджикский проспект, 2Б",5,5,8,"Кровельные работы, Строительство дач и коттеджей, Ремонт помещений, Фасадные работы, Строительство административных зданий"
B,есть,Геленджик,подрядчик,Гел-строй-подряд,ООО Гел-строй-подряд,+79186487888,+79186487888,https://wa.me/79186487888,+7‒918‒648‒78‒88,гел-строй-подряд.рф,,"улица Островского, 174",5,4,8,"Кровельные работы, Строительство дач и коттеджей"
B,есть,Анапа,подрядчик,Ваш дом Анапа,,+79002369231,+79002369231,https://wa.me/79002369231,+7‒900‒236‒92‒31,vashdomanapa.com,,"Гребенская улица, 92",5,4,3,"Кровельные работы, Строительство дач и коттеджей, Строительство фундамента"
B,есть,Геленджик,подрядчик,Центр металлокровли,,+79284018241,+79284018241,https://wa.me/79284018241,+7‒928‒401‒82‒41,evrozabor1.ru,https://t.me/+79284018241,,5,2,,"Кровельные работы, Заборы и ограждения, Фасадные материалы и конструкции, Кровельные материалы, Строительство дач и коттеджей"
B,есть,Новороссийск,подрядчик,АртСтрой,,+79282837619,+79282837619,https://wa.me/79282837619,+7‒928‒283‒76‒19,artstroy23.ru,,"Пархоменко, 30",5,1,,"Кровельные работы, Строительство дач и коттеджей, Фасадные работы"
B,есть,Новороссийск,подрядчик,Асп Югстрой,,+79184949720,+79184949720,https://wa.me/79184949720,+7‒918‒494‒97‒20 / +7‒961‒530‒50‒60,www.asp-yugstroy.ru,,"Полевая улица, 2а",5,1,,"Кровельные работы, Строительство дач и коттеджей, Ремонт зданий, Ремонт помещений"
B,есть,ст-ца Гостагаевская,подрядчик,ДомАрма,,+79180546717,+79180546717,https://wa.me/79180546717,+7‒918‒054‒67‒17,Domearma.com,https://t.me/+79180546717,"Комсомольская улица, 86а",5,1,,"Кровельные работы, Строительство дач и коттеджей, Фрезеровка неметаллов"
B,есть,пос. Индустриальный,подрядчик,Нювел,,+79183725349,+79183725349,https://wa.me/79183725349,+7 (861) 251‒44‒12 / +7‒918‒372‒53‒49,nyvel.ru,https://t.me/+79183725349,"Степная улица, 8",,0,27,"Кровельные работы, Теплоизоляционные работы, Гидроизоляционные работы"
B,есть,пос. Березовый,подрядчик,Housetop,ООО Стройвис,+79184695050,+79184695050,https://wa.me/79184695050,+7‒918‒469‒50‒50 / +7‒960‒493‒24‒44 / +7‒938‒427‒09‒99,housetop93.ru,,"Березовый посёлок, 40",,0,10,"Кровельные работы, Фасадные работы, Строительство дач и коттеджей"
B,есть,Горячий Ключ,подрядчик,Югтехкров,,+79094279444,+79282812957,https://wa.me/79094279444,+7‒928‒281‒29‒57 / +7‒909‒427‒94‒44,utk-group.ru,,"Кольцевая улица, 15",,0,13,Кровельные работы
B,есть,Славянск-на-Кубани,подрядчик,Домдачный.рф,,+79883548790,+79883548730,https://wa.me/79883548790,+7‒988‒354‒87‒30,www.домдачный.рф,,"улица Дружбы Народов, 13/5",,0,5,"Кровельные работы, Строительство дач и коттеджей, Окна"
B,есть,Славянск-на-Кубани,подрядчик,ГарантСтройГрупп,ООО ГарантСтройГрупп,+79010077799,+79010077799,https://wa.me/79010077799,+7‒901‒007‒77‒99,anapa.garantsg.ru,https://t.me/+79010077799,"Западная улица, 290",,0,0,"Кровельные работы, Строительство дач и коттеджей, Экспертиза зданий и сооружений, Архитектурное проектирование, Фасадные работы"
B,есть,Новороссийск,подрядчик,Хижниковъ,,+79881436000,+79881436000,https://wa.me/79881436000,+7‒988‒143‒60‒00,Перейти в Telegram-канал,,"Мысхакское шоссе, 59",,0,5,"Кровельные работы, Ремонт помещений, Строительство дач и коттеджей, Строительство бань и саун, Деревообработка, Мебель на заказ, Мебель для ванных комнат, Пило- и лесоматериалы"
B,есть,Новороссийск,подрядчик,ЮгСтройГидроизоляция,ООО ЮгСтройГидроизоляция,+79887698989,+79887658856,https://wa.me/79887698989,+7‒988‒765‒88‒56 / +7‒988‒769‒89‒89 / +7‒988‒248‒45‒55,gidroizolyatsiya.pro,https://t.me/stopv0da,"Спецморстроевская улица, 5",,0,,"Кровельные работы, Гидроизоляционные работы, Гидроизоляционные материалы, Высотные работы"
B,есть,Анапа,подрядчик,ФасадЮгМонтаж,,+79180557248,+79180557248,https://wa.me/79180557248,+7‒918‒055‒72‒48,pds93.ru,,,,0,,"Кровельные работы, Фасадные работы, Ремонт помещений, Высотные работы, Теплоизоляционные работы"
B,есть,Анапа,подрядчик,Cool House,ООО Престижный город,+79182258650,+79182258650,https://wa.me/79182258650,+7‒918‒225‒86‒50,fasad-anapa.ru,https://t.me/+79182258650,,,0,2,"Кровельные работы, Ремонт помещений, Фасадные материалы и конструкции"
B,есть,,подрядчик,СтройГарантАнапа,,,+79892291333,https://wa.me/79892291333,8‒800‒2222‒018 / +7‒989‒229‒13‒33,SGA23.ru,,"Солнечная улица, 24а",4,5,7,"Кровельные работы, Строительство дач и коттеджей, Архитектурное проектирование, Земляные работы, Продажа коттеджей"
B,есть,пгт Тлюстенхабль,подрядчик,Служба покраски крыш,,,+79282564275,https://wa.me/79282564275,+7‒928‒256‒42‒75,pokraska-krysh.ru,,"улица Ленина, 39",,0,0,Кровельные работы
B,есть,Горячий Ключ,подрядчик,Комфортный дом,,,+79182596862,https://wa.me/79182596862,+7‒918‒259‒68‒62 / +7‒918‒089‒14‒52,Перейти в Telegram-канал,https://t.me/domkomfort62,"улица Ленина, 196",,0,1,"Кровельные работы, Строительство дач и коттеджей, Интерьерные лестницы, Кованые изделия, Металлоконструкции для строительства"
B,есть,Геленджик,подрядчик,Кровли. Нет,,,+79883453456,https://wa.me/79883453456,+7‒988‒345‒34‒56,krovli.net,https://t.me/+79883453456,"Новороссийская улица, 163в",,0,,Кровельные работы
B,есть,Новороссийск,подрядчик,Про Кровля,,,+79183821224,https://wa.me/79183821224,+7 (8617) 69‒13‒30 / +7‒918‒382‒12‒24,691330.ru,,,,0,,"Кровельные работы, Высотные работы, Гидроизоляционные работы, Фасадные работы"
A,🟢 нет,Анапа,торговля?,Новый дом,,+79186678666,+79186678666,https://wa.me/79186678666,+7‒918‒667‒86‒66,,https://t.me/+79186678666,"Супсехское шоссе, 89",4.9,16,,"Кровельные работы, Стройматериалы, Декоративные отделочные материалы, Заборы и ограждения, Комплектующие для дверей, Малярный инструмент, Огнезащитные материалы, Огнеупорные материалы, Ремонт зданий, Ремонт помещений, Слесарно-монтажный инструмент, Фасадные работы, Отделочные материалы, Фасадные материалы и конструкции, Лаки и краски, Гидроизоляционные материалы, Герметики и клеи, ДСП, ДВП, фанера, Замки и скобяные изделия, Грязепоглощающие покрытия, Звукоизоляционные материалы, Гипсокартон, Крепёж, Кровельные материалы, Системы водоотведения, Теплоизоляционные материалы, Сухие строительные смеси, Цемент, Электроинструмент, Хозтовары"
A,🟢 нет,Новороссийск,торговля?,Кровля на века,,+79184523700,+79094433119,https://wa.me/79184523700,+7‒909‒443‒31‒19 / +7‒918‒452‒37‒00,,,,2.7,3,11,"Кровельные работы, Кровельные материалы, Фасадные работы, Теплоизоляционные материалы, Фасадные материалы и конструкции"
A,🟢 нет,Новороссийск,торговля?,Все для крепежа,,+79615076454,+79615076454,https://wa.me/79615076454,+7‒961‒507‒64‒54 / +7‒961‒508‒14‒55,,,"улица Золотая Рыбка, 3г",5,2,4,"Кровельные работы, Крепёж"
A,🟢 нет,Темрюк,торговля?,Югмонтаж,,+79184671055,+79184671055,https://wa.me/79184671055,+7‒918‒467‒10‒55,,https://t.me/+79184671055,"улица Калинина, 74",5,1,,"Кровельные работы, Стройматериалы, Кровельные материалы, Фасадные материалы и конструкции, Заборы и ограждения, Оргстекло и поликарбонат, Чердачные лестницы, Гидроизоляционные материалы, Теплоизоляционные материалы, Автоматические ворота и шлагбаумы, Теплицы, Системы водоотведения, Автоматические двери, Герметики и клеи, Крепёж"
A,🟢 нет,Анапа,торговля?,Фасады Анапы,,+79385003254,+79385003254,https://wa.me/79385003254,+7‒938‒500‒32‒54,,https://t.me/+79385003254,,5,1,,"Кровельные работы, Стройматериалы, Фасадные работы"
A,🟢 нет,Геленджик,торговля?,Экспастрой,ООО Экспастрой,+79184903812,+79184903812,https://wa.me/79184903812,+7‒918‒490‒38‒12,,,"Южная промзона 4 километр, 7",,0,,"Кровельные работы, Кровельные материалы, Альтернативные источники энергии, Фасадные работы, Фасадные материалы и конструкции"
A,🟢 нет,Новороссийск,торговля?,Новые технологии полимеров,ООО Новые технологии полимеров,+79136783561,+79136783561,https://wa.me/79136783561,+7‒913‒678‒35‒61,,,,,0,,"Кровельные работы, Гидроизоляционные материалы, Устройство промышленных и наливных полов, Теплоизоляционные работы"
A,🟢 нет,ст-ца Раевская,торговля?,Bend,,+79182756527,+79182756527,https://wa.me/79182756527,+7‒918‒275‒65‒27 / +7‒928‒257‒53‒69,,,"Лучезарный переулок, 2",,0,,"Кровельные работы, Системы водоотведения, Кровельные материалы, Металлоизделия, Заборы и ограждения"
A,🟢 нет,Анапа,торговля?,Юг Монтаж 2009,,+79283303284,+79283303284,https://wa.me/79283303284,+7‒928‒330‒32‒84,,https://t.me/vladimir_voronenko,"улица Чехова, 62а",,0,,"Кровельные работы, Фасадные материалы и конструкции, Заборы и ограждения, Кровельные материалы"
A,🟢 нет,Анапа,торговля?,Магазин кровельных материалов,,+79183943129,+79183943129,https://wa.me/79183943129,+7‒918‒394‒31‒29 / +7‒918‒644‒64‒12,,,"Мирная улица, 12а",,0,,"Кровельные работы, Кровельные материалы, Оргстекло и поликарбонат, Фасадные материалы и конструкции, Заборы и ограждения"
A,🟢 нет,Усть-Лабинск,торговля?,Профиль,,+79282587667,,https://wa.me/79282587667,+7 (86135) 4‒22‒42,,,"Заполотняная улица, 4 к2",,0,,"Кровельные работы, Фасадные материалы и конструкции, Кровельные материалы, Сантехника, Лаки и краски"
B,есть,Новороссийск,торговля?,Портал,,+79654644659,+79654644659,https://wa.me/79654644659,+7 (8617) 27‒80‒00 / +7‒965‒464‒46‒59,portalfirma.ru,,"Железнодорожная петля, 79",5,3,,"Кровельные работы, Кровельные материалы, Фасадные материалы и конструкции, Фасадные работы"
B,есть,Анапа,торговля?,Стандарт,,+79189999943,+79189999943,https://wa.me/79189999943,+7‒918‒999‒99‒43 / +7‒918‒999‒99‒34,standart-krovlya.ru,,"Симферопольское шоссе, 9",,0,,"Кровельные работы, Стройматериалы, Кровельные материалы, Фасадные материалы и конструкции, Отделочные материалы, Крепёж, Теплоизоляционные материалы, Герметики и клеи, Гидроизоляционные материалы, Звукоизоляционные материалы, Окна"
B,есть,Абинск,торговля?,Портал,,,+79186644409,https://wa.me/79186644409,+7 (86150) 4‒40‒09 / +7‒918‒664‒44‒09 / +7‒965‒464‒46‒59,portalfirma.ru,,"Заводская улица, 5а",,0,,"Кровельные работы, Кровельные материалы, Фасадные материалы и конструкции, Фасадные работы, Заборы и ограждения"
